{
  "CC": 0.0013,
  "LC": 3e-05,
  "LM": 0.0016,
  "LMC": 0.00086,
  "LPL": 0.00017
}