{
  "CC": 0.0024,
  "LC": 0.00067,
  "LM": 0.0004,
  "LMC": 0.00011,
  "LPL": 0.0011
}