{
  "CC": 0.0023,
  "LC": 0.00054,
  "LM": 0.00067,
  "LMC": 0.00012,
  "LPL": 0.00064
}