{
  "CC": 0.0013,
  "LC": 0.001,
  "LM": 0.00013,
  "LMC": 0.00076,
  "LPL": 0.00045
}